<?xml version="1.0" encoding="UTF-8"?>
<RuleEngineConfigurations>
    <UseCase name="commonApiRules" >
        <Rules>
            <Rule name="retrieveCustAcctTransactionHistory_1">
                <ResponseContext>/Envelope/Body/retrieveCustAcctTransactionHistoryV2Request/custAcc</ResponseContext>
                <ValidationAssertion>Id='PP8718460'</ValidationAssertion>
                <ErrorMessage>ID Should Match to The Request</ErrorMessage>
            </Rule>
            <Rule name="Common_Validation_2" >
                <httpStatus>200</httpStatus>
                <httpMessage>200_OK</httpMessage>
            </Rule>
        </Rules>
    </UseCase>
    <UseCase name="BasicUseCase" templateId="sample1.xml" >
        <Rules>
            <Rule name="sample1.xml_1" >
                <httpStatus>200</httpStatus>
                <ResponseContext>/Customers/Customer</ResponseContext>
                <ValidationAssertion>string-length(normalize-space(Name)) &lt;= 30</ValidationAssertion>
                <ErrorMessage>Customer name must be less than 30 characters</ErrorMessage>
            </Rule>
            <Rule name="sample1.xml_2" >
                <httpStatus>200</httpStatus>
                <httpMessage>200_OK</httpMessage>
            </Rule>
            <Rule name="sample1.xml_3" >
                <httpStatus>200</httpStatus>
                <ResponseContext>/Customers/Customer</ResponseContext>
                <ValidationAssertion>string-length(normalize-space(City)) &gt; 3</ValidationAssertion>
                <ErrorMessage>City must be greater than 3 characters</ErrorMessage>
            </Rule>
        </Rules>
    </UseCase>
</RuleEngineConfigurations>